pkg_title,pkg_subtitle
Apache Commons,org.apache.commons
Apache Maven,org.apache.maven
Apache Camel,org.apache.camel
Apache HttpComponents,org.apache.httpcomponents
Apache Logging,org.apache.logging
Apache Geronimo,org.apache.geronimo
Apache Hadoop,org.apache.hadoop
Apache CXF,org.apache.cxf
Apache Felix,org.apache.felix
Apache Spark,org.apache.spark
Apache Lucene,org.apache.lucene
Apache Tomcat,org.apache.tomcat
Apache ActiveMQ,org.apache.activemq
Apache POI,org.apache.poi
Apache Kafka,org.apache.kafka
Apache Sling,org.apache.sling
Apache Directory,org.apache.directory
Apache ServiceMix,org.apache.servicemix
Apache Karaf,org.apache.karaf
Apache HBase,org.apache.hbase
Apache Axis2,org.apache.axis2
Apache Flink,org.apache.flink
Apache Ant,org.apache.ant
Apache James,org.apache.james
Apache Derby,org.apache.derby
Apache Curator,org.apache.curator
Apache WS,org.apache.ws
Apache Tuscany,org.apache.tuscany
Apache NiFi,org.apache.nifi
Apache Velocity,org.apache.velocity
Apache Avro,org.apache.avro
Apache Jackrabbit,org.apache.jackrabbit
Apache Hive,org.apache.hive
Apache Xmlgraphics,org.apache.xmlgraphics
Apache JClouds,org.apache.jclouds
Apache Aries,org.apache.aries
Apache Wicket,org.apache.wicket
Apache TomEE,org.apache.tomee
Apache Shiro,org.apache.shiro
Apache ZooKeeper,org.apache.zookeeper
Apache UIMA,org.apache.uima
Apache Solr,org.apache.solr
Apache MyFaces,org.apache.myfaces
Apache Tika,org.apache.tika
Apache Jena,org.apache.jena
Apache Thrift,org.apache.thrift
Apache Clerezza,org.apache.clerezza
Apache OpenEJB,org.apache.openejb
Apache Beam,org.apache.beam
Apache DeltaSpike,org.apache.deltaspike
Apache Isis,org.apache.isis
Apache XBean,org.apache.xbean
Apache XMLBeans,org.apache.xmlbeans
Apache Struts,org.apache.struts
Apache PDFBox,org.apache.pdfbox
Apache Brooklyn,org.apache.brooklyn
Apache Archiva,org.apache.archiva
Apache Airavata,org.apache.airavata
Apache Portals,org.apache.portals
Apache MINA,org.apache.mina
Apache ServiceComb,org.apache.servicecomb
Apache Synapse,org.apache.synapse
Apache Knox,org.apache.knox
Apache Pulsar,org.apache.pulsar
Apache Stanbol,org.apache.stanbol
Apache Abdera,org.apache.abdera
Apache OpenJPA,org.apache.openjpa
Apache Dubbo,org.apache.dubbo
Apache Shardingsphere,org.apache.shardingsphere
Apache Qpid,org.apache.qpid
Apache SSHD,org.apache.sshd
Apache Hyracks,org.apache.hyracks
Apache Cassandra,org.apache.cassandra
Apache Tapestry,org.apache.tapestry
Apache Tiles,org.apache.tiles
Apache Parquet,org.apache.parquet
Apache JMeter,org.apache.jmeter
Apache OpenWebBeans,org.apache.openwebbeans
Apache Streams,org.apache.streams
Apache Tinkerpop,org.apache.tinkerpop
Apache Rampart,org.apache.rampart
Apache SkyWalking,org.apache.skywalking
Apache PLC4X,org.apache.plc4x
Apache Accumulo,org.apache.accumulo
Apache Calcite,org.apache.calcite
Apache Axis,org.apache.axis
Apache Marmotta,org.apache.marmotta
Apache Ignite,org.apache.ignite
Apache Oltu,org.apache.oltu
Apache Gobblin,org.apache.gobblin
Apache Storm,org.apache.storm
Apache Kerby,org.apache.kerby
Apache ACE,org.apache.ace
Apache Stratos,org.apache.stratos
Apache Chemistry,org.apache.chemistry
Apache Druid,org.apache.druid
Apache Edgent,org.apache.edgent
Apache ODE,org.apache.ode
Apache Neethi,org.apache.neethi
Apache Tez,org.apache.tez
Apache Taglibs,org.apache.taglibs
Apache Santuario,org.apache.santuario
Apache Log4j,org.apache.log4j
Apache Flume,org.apache.flume
Apache Olingo,org.apache.olingo
Apache Flex,org.apache.flex
Apache Sentry,org.apache.sentry
Apache Ranger,org.apache.ranger
Apache Tamaya,org.apache.tamaya
Apache WSS4J,org.apache.wss4j
Apache Tuweni,org.apache.tuweni
Apache XMLRPC,org.apache.xmlrpc
Apache Ivy,org.apache.ivy
Apache Kylin,org.apache.kylin
Apache Ctakes,org.apache.ctakes
Apache Wink,org.apache.wink
Apache Oozie,org.apache.oozie
Apache Johnzon,org.apache.johnzon
Apache Avalon,org.apache.avalon
Apache Cocoon,org.apache.cocoon
Apache Royale,org.apache.royale
Apache HTrace,org.apache.htrace
Apache Taverna,org.apache.taverna
Apache Pig,org.apache.pig
Apache BookKeeper,org.apache.bookkeeper
Apache OpenNLP,org.apache.opennlp
Apache Atlas,org.apache.atlas
Apache BVal,org.apache.bval
Apache Apex,org.apache.apex
Apache NPanday,org.apache.npanday
Apache RocketMQ,org.apache.rocketmq
Apache Syncope,org.apache.syncope
Apache Pluto,org.apache.pluto
Apache Polygene,org.apache.polygene
Apache Arrow,org.apache.arrow
Apache BCEL,org.apache.bcel
Apache Batik,org.apache.batik
Apache Geode,org.apache.geode
Apache JUDDI,org.apache.juddi
Apache SIS,org.apache.sis
Apache FtpServer,org.apache.ftpserver
Apache Mahout,org.apache.mahout
Apache Omid,org.apache.omid
Apache Cayenne,org.apache.cayenne
Apache Rya,org.apache.rya
Apache Woden,org.apache.woden
Apache Juneau,org.apache.juneau
Apache Unomi,org.apache.unomi
Apache Tajo,org.apache.tajo
Apache Shindig,org.apache.shindig
Apache Eagle,org.apache.eagle
Apache Pinot,org.apache.pinot
Apache Twill,org.apache.twill
Apache Continuum,org.apache.continuum
Apache Xerces,org.apache.xerces
Apache Asterix,org.apache.asterix
Apache StreamPipes,org.apache.streampipes
Apache Zeppelin,org.apache.zeppelin
Apache Shale,org.apache.shale
Apache MetaModel,org.apache.metamodel
Apache Amber,org.apache.amber
Apache Tephra,org.apache.tephra
Apache Sqoop,org.apache.sqoop
Apache Samza,org.apache.samza
Apache OODT,org.apache.oodt
Apache Hudi,org.apache.hudi
Apache Drill,org.apache.drill
Apache Metron,org.apache.metron
Apache Iceberg,org.apache.iceberg
Apache Phoenix,org.apache.phoenix
Apache Ratis,org.apache.ratis
Apache Excalibur,org.apache.excalibur
Apache REEF,org.apache.reef
Apache Falcon,org.apache.falcon
Apache CarbonData,org.apache.carbondata
Apache Fulcrum,org.apache.fulcrum
Apache MRUnit,org.apache.mrunit
Apache Whirr,org.apache.whirr
Apache ORC,org.apache.orc
Apache Ibatis,org.apache.ibatis
Apache Zipkin,org.apache.zipkin
Apache Fluo,org.apache.fluo
Apache Meecrowave,org.apache.meecrowave
Apache Xalan,org.apache.xalan
Apache Groovy,org.apache.groovy
Apache Kudu,org.apache.kudu
Apache Sirona,org.apache.sirona
Apache Mesos,org.apache.mesos
Apache Yetus,org.apache.yetus
Apache Crunch,org.apache.crunch
Apache Sanselan,org.apache.sanselan
Apache Submarine,org.apache.submarine
Apache Livy,org.apache.livy
Apache Any23,org.apache.any23
Apache Helix,org.apache.helix
Apache Lens,org.apache.lens
Apache Rave,org.apache.rave
Apache Ambari,org.apache.ambari
Apache BSF,org.apache.bsf
Apache IoTDB,org.apache.iotdb
